{"title":"fdg","timeCreated":1600804912685,"content":[[0.014999999621068127,"c4-c"],[383.2650000003923,"c4-d"],[716.839999999138,"c4-e"],[1000.4800000006071,"c4-f"],[1234.0100000001257,"c4-g"],[1401.384999999209,"c4-a"]]}