{"title":"","timeCreated":1600804703303,"content":[[100306.43000000055,"c4-c"],[100973.69500000059,"c4-d"],[101173.62000000139,"c4-e"],[101373.95500000093,"c4-f"],[101574.23999999992,"c4-g"]]}