{"title":"","timeCreated":1600804802583,"content":[[4688.234999999622,"c4-c"],[4888.359999999011,"c4-d"],[5108.604999999443,"c4-e"],[5338.5549999984505,"c4-f"]]}