{"title":"","timeCreated":1591355875463,"content":[[143260.73499998893,"c4-c"],[143393.95499997772,"c4-d"],[143811.11999999848,"c4-e"],[144228.12499999418,"c4-f"],[144628.38999999803,"c4-e"],[145145.34999997704,"c4-e"],[227280.52000000025,"c4-c"],[227680.87499999092,"c4-d"],[227964.31499999017,"c4-e"]]}