{"title":"","timeCreated":1600804715679,"content":[[5762.679999999818,"c4-c"],[5929.7349999997095,"c4-d"],[6096.019999999044,"c4-e"]]}