{"title":"","timeCreated":1600804778914,"content":[[3109.6749999996973,"c4-c"],[3159.620000000359,"c4-d"],[3409.784999999829,"c4-e"],[3628.1049999997776,"c4-f"]]}